{
  "project_info": {
    "project_number": "659913361856",
    "firebase_url": "https://fir-example-2fe7e-default-rtdb.firebaseio.com",
    "project_id": "fir-example-2fe7e",
    "storage_bucket": "fir-example-2fe7e.firebasestorage.app"
  },
  "client": [
    {
      "client_info": {
        "mobilesdk_app_id": "1:659913361856:android:a0126a0283b813f016e025",
        "android_client_info": {
          "package_name": "com.example.chat_app"
        }
      },
      "oauth_client": [],
      "api_key": [
        {
          "current_key": "AIzaSyC2lsIFWMimRORAGrj91xkJhAtM0IBd85o"
        }
      ],
      "services": {
        "appinvite_service": {
          "other_platform_oauth_client": []
        }
      }
    }
  ],
  "configuration_version": "1"
}